{
  "version": "2.3.1-beta.0",
  "visualisation": {
    "nodes": [
      {
        "id": "n:1",
        "position": {
          "x": 0,
          "y": 0
        }
      },
      {
        "id": "n:2",
        "position": {
          "x": 0,
          "y": 300
        }
      },
      {
        "id": "n:3",
        "position": {
          "x": 300,
          "y": 0
        }
      }
    ]
  },
  "dataModel": {
    "version": "2.3.1-beta.0",
    "graphSchemaRepresentation": {
      "version": "1.0.0",
      "graphSchema": {
        "nodeLabels": [
          {
            "$id": "nl:1",
            "token": "MOVIE",
            "properties": [
              {
                "$id": "p:1",
                "token": "movie_id",
                "type": {
                  "type": "integer"
                },
                "nullable": true
              },
              {
                "$id": "p:2",
                "token": "title",
                "type": {
                  "type": "string"
                },
                "nullable": true
              },
              {
                "$id": "p:3",
                "token": "imdb_id",
                "type": {
                  "type": "string"
                },
                "nullable": true
              }
            ]
          },
          {
            "$id": "nl:2",
            "token": "GENRE",
            "properties": [
              {
                "$id": "p:4",
                "token": "genre_id",
                "type": {
                  "type": "integer"
                },
                "nullable": true
              },
              {
                "$id": "p:5",
                "token": "name",
                "type": {
                  "type": "string"
                },
                "nullable": true
              }
            ]
          },
          {
            "$id": "nl:3",
            "token": "USER",
            "properties": [
              {
                "$id": "p:6",
                "token": "user_id",
                "type": {
                  "type": "integer"
                },
                "nullable": true
              },
              {
                "$id": "p:7",
                "token": "pseudo",
                "type": {
                  "type": "string"
                },
                "nullable": true
              }
            ]
          }
        ],
        "relationshipTypes": [
          {
            "$id": "rt:1",
            "token": "TYPE",
            "properties": []
          },
          {
            "$id": "rt:2",
            "token": "RATING",
            "properties": [
              {
                "$id": "p:8",
                "token": "rating",
                "type": {
                  "type": "integer"
                },
                "nullable": true
              }
            ]
          }
        ],
        "nodeObjectTypes": [
          {
            "$id": "n:1",
            "labels": [
              {
                "$ref": "#nl:1"
              }
            ]
          },
          {
            "$id": "n:2",
            "labels": [
              {
                "$ref": "#nl:2"
              }
            ]
          },
          {
            "$id": "n:3",
            "labels": [
              {
                "$ref": "#nl:3"
              }
            ]
          }
        ],
        "relationshipObjectTypes": [
          {
            "$id": "r:1",
            "type": {
              "$ref": "#rt:1"
            },
            "from": {
              "$ref": "#n:1"
            },
            "to": {
              "$ref": "#n:2"
            }
          },
          {
            "$id": "r:2",
            "type": {
              "$ref": "#rt:2"
            },
            "from": {
              "$ref": "#n:3"
            },
            "to": {
              "$ref": "#n:1"
            }
          }
        ],
        "constraints": [
          {
            "$id": "c:1",
            "name": "movie_id_MOVIE_uniq",
            "constraintType": "uniqueness",
            "entityType": "node",
            "nodeLabel": {
              "$ref": "#nl:1"
            },
            "properties": [
              {
                "$ref": "#p:1"
              }
            ]
          },
          {
            "$id": "c:2",
            "name": "genre_id_GENRE_uniq",
            "constraintType": "uniqueness",
            "entityType": "node",
            "nodeLabel": {
              "$ref": "#nl:2"
            },
            "properties": [
              {
                "$ref": "#p:4"
              }
            ]
          },
          {
            "$id": "c:3",
            "name": "user_id_USER_uniq",
            "constraintType": "uniqueness",
            "entityType": "node",
            "nodeLabel": {
              "$ref": "#nl:3"
            },
            "properties": [
              {
                "$ref": "#p:6"
              }
            ]
          }
        ],
        "indexes": [
          {
            "$id": "i:1",
            "name": "movie_id_MOVIE_uniq",
            "indexType": "default",
            "entityType": "node",
            "nodeLabel": {
              "$ref": "#nl:1"
            },
            "properties": [
              {
                "$ref": "#p:1"
              }
            ]
          },
          {
            "$id": "i:2",
            "name": "genre_id_GENRE_uniq",
            "indexType": "default",
            "entityType": "node",
            "nodeLabel": {
              "$ref": "#nl:2"
            },
            "properties": [
              {
                "$ref": "#p:4"
              }
            ]
          },
          {
            "$id": "i:3",
            "name": "user_id_USER_uniq",
            "indexType": "default",
            "entityType": "node",
            "nodeLabel": {
              "$ref": "#nl:3"
            },
            "properties": [
              {
                "$ref": "#p:6"
              }
            ]
          }
        ]
      }
    },
    "graphSchemaExtensionsRepresentation": {
      "nodeKeyProperties": [
        {
          "node": {
            "$ref": "#n:1"
          },
          "keyProperty": {
            "$ref": "#p:1"
          }
        },
        {
          "node": {
            "$ref": "#n:2"
          },
          "keyProperty": {
            "$ref": "#p:4"
          }
        },
        {
          "node": {
            "$ref": "#n:3"
          },
          "keyProperty": {
            "$ref": "#p:6"
          }
        }
      ]
    },
    "graphMappingRepresentation": {
      "dataSourceSchema": {
        "type": "local",
        "tableSchemas": [
          {
            "name": "movies.csv",
            "expanded": true,
            "fields": [
              {
                "name": "movie_id",
                "sample": "862",
                "recommendedType": {
                  "type": "integer"
                }
              },
              {
                "name": "title",
                "sample": "Toy Story",
                "recommendedType": {
                  "type": "string"
                }
              },
              {
                "name": "imdb_id",
                "sample": "tt0114709",
                "recommendedType": {
                  "type": "string"
                }
              }
            ]
          },
          {
            "name": "genres.csv",
            "expanded": true,
            "fields": [
              {
                "name": "genre_id",
                "sample": "16",
                "recommendedType": {
                  "type": "integer"
                }
              },
              {
                "name": "name",
                "sample": "Animation",
                "recommendedType": {
                  "type": "string"
                }
              }
            ]
          },
          {
            "name": "movie_genres.csv",
            "expanded": true,
            "fields": [
              {
                "name": "movie_id",
                "sample": "862",
                "recommendedType": {
                  "type": "integer"
                }
              },
              {
                "name": "genre_id",
                "sample": "16",
                "recommendedType": {
                  "type": "integer"
                }
              }
            ]
          },
          {
            "name": "generated_ratings.csv",
            "expanded": true,
            "fields": [
              {
                "name": "user_id",
                "sample": "1",
                "recommendedType": {
                  "type": "integer"
                }
              },
              {
                "name": "movie_id",
                "sample": "31",
                "recommendedType": {
                  "type": "integer"
                }
              },
              {
                "name": "rating",
                "sample": "5",
                "recommendedType": {
                  "type": "integer"
                }
              }
            ]
          },
          {
            "name": "generated_users.csv",
            "expanded": true,
            "fields": [
              {
                "name": "user_id",
                "sample": "1",
                "recommendedType": {
                  "type": "integer"
                }
              },
              {
                "name": "pseudo",
                "sample": "Generated User #1",
                "recommendedType": {
                  "type": "string"
                }
              }
            ]
          }
        ]
      },
      "nodeMappings": [
        {
          "node": {
            "$ref": "#n:1"
          },
          "tableName": "movies.csv",
          "propertyMappings": [
            {
              "fieldName": "movie_id",
              "property": {
                "$ref": "#p:1"
              }
            },
            {
              "fieldName": "title",
              "property": {
                "$ref": "#p:2"
              }
            },
            {
              "fieldName": "imdb_id",
              "property": {
                "$ref": "#p:3"
              }
            }
          ]
        },
        {
          "node": {
            "$ref": "#n:2"
          },
          "tableName": "genres.csv",
          "propertyMappings": [
            {
              "fieldName": "genre_id",
              "property": {
                "$ref": "#p:4"
              }
            },
            {
              "fieldName": "name",
              "property": {
                "$ref": "#p:5"
              }
            }
          ]
        },
        {
          "node": {
            "$ref": "#n:3"
          },
          "tableName": "generated_users.csv",
          "propertyMappings": [
            {
              "fieldName": "user_id",
              "property": {
                "$ref": "#p:6"
              }
            },
            {
              "fieldName": "pseudo",
              "property": {
                "$ref": "#p:7"
              }
            }
          ]
        }
      ],
      "relationshipMappings": [
        {
          "relationship": {
            "$ref": "#r:1"
          },
          "tableName": "movie_genres.csv",
          "propertyMappings": [],
          "fromMapping": {
            "fieldName": "movie_id"
          },
          "toMapping": {
            "fieldName": "genre_id"
          }
        },
        {
          "relationship": {
            "$ref": "#r:2"
          },
          "tableName": "generated_ratings.csv",
          "propertyMappings": [
            {
              "fieldName": "rating",
              "property": {
                "$ref": "#p:8"
              }
            }
          ],
          "fromMapping": {
            "fieldName": "user_id"
          },
          "toMapping": {
            "fieldName": "movie_id"
          }
        }
      ]
    },
    "configurations": {
      "idsToIgnore": []
    }
  }
}